{
"lengthUnit": "mil",
"remark": ["fly_line"],
"components": {
	"fields": ["COMPONENT_NO", "COMPONENT_NAME", "LAYER", "X_COORDINATE", "Y_COORDINATE", "ANGLE"],
	"rows": [
		[1, "SW1", "T", 1565, 1040, 0],
		[2, "SW2", "T", 2430, 1895, 0],
		[3, "SW3", "T", 3320, 1045, 0],
		[4, "SW4", "T", 2445, 1035, 0],
		[5, "U1", "T", 3325, 2240, 0],
		[6, "PAD1", "T", 1414.996, 1140.001, 0],
		[7, "PAD1", "B", 1414.996, 1140.001, 0],
		[8, "PAD2", "T", 1664.996, 1240.001, 0],
		[9, "PAD2", "B", 1664.996, 1240.001, 0],
		[10, "PAD3", "T", 2279.996, 1995.001, 0],
		[11, "PAD3", "B", 2279.996, 1995.001, 0],
		[12, "PAD4", "T", 2529.996, 2095.001, 0],
		[13, "PAD4", "B", 2529.996, 2095.001, 0],
		[14, "PAD5", "T", 3169.996, 1145.001, 0],
		[15, "PAD5", "B", 3169.996, 1145.001, 0],
		[16, "PAD6", "T", 3419.996, 1245.001, 0],
		[17, "PAD6", "B", 3419.996, 1245.001, 0],
		[18, "PAD7", "T", 2294.996, 1135.001, 0],
		[19, "PAD7", "B", 2294.996, 1135.001, 0],
		[20, "PAD8", "T", 2544.996, 1235.001, 0],
		[21, "PAD8", "B", 2544.996, 1235.001, 0],
		[22, "PAD9", "T", 3625, 1940, 0],
		[23, "PAD9", "B", 3625, 1940, 0],
		[24, "PAD10", "T", 3657.874, 1940, 0],
		[25, "PAD11", "T", 3625, 2040, 0],
		[26, "PAD11", "B", 3625, 2040, 0],
		[27, "PAD12", "T", 3657.874, 2040, 0],
		[28, "PAD13", "T", 3625, 2140, 0],
		[29, "PAD13", "B", 3625, 2140, 0],
		[30, "PAD14", "T", 3657.874, 2140, 0],
		[31, "PAD15", "T", 3625, 2240, 0],
		[32, "PAD15", "B", 3625, 2240, 0],
		[33, "PAD16", "T", 3657.874, 2240, 0],
		[34, "PAD17", "T", 3625, 2440, 0],
		[35, "PAD17", "B", 3625, 2440, 0],
		[36, "PAD18", "T", 3657.874, 2440, 0],
		[37, "PAD19", "T", 3625, 2540, 0],
		[38, "PAD19", "B", 3625, 2540, 0],
		[39, "PAD20", "T", 3657.874, 2540, 0]
	]
},
"pins": {
	"fields": ["PIN_NO", "PIN_NAME", "PIN_X", "PIN_Y", "LAYER", "PIN_TYPE", "NET_NAME", "NET_TYPE", "PAD_SHAPE", "PAD_SIZEX", "PAD_SIZEY", "HOLE_SIZE", "HOLE_LEN", "PAD_ANGLE"],
	"rows": [
		[1, "SW1_1", 1414.996, 1140.001, "T", "DIP", "GND", "GND", "C", 100, 100, 60, 60, 0],
		[2, "SW1_1", 1414.996, 1140.001, "B", "DIP", "GND", "GND", "C", 100, 100, 60, 60, 0],
		[3, "SW1_2", 1664.996, 1240.001, "T", "DIP", "$1N894", "", "C", 100, 100, 60, 60, 0],
		[4, "SW1_2", 1664.996, 1240.001, "B", "DIP", "$1N894", "", "C", 100, 100, 60, 60, 0],
		[5, "SW2_1", 2279.996, 1995.001, "T", "DIP", "GND", "GND", "C", 100, 100, 60, 60, 0],
		[6, "SW2_1", 2279.996, 1995.001, "B", "DIP", "GND", "GND", "C", 100, 100, 60, 60, 0],
		[7, "SW2_2", 2529.996, 2095.001, "T", "DIP", "$1N899", "", "C", 100, 100, 60, 60, 0],
		[8, "SW2_2", 2529.996, 2095.001, "B", "DIP", "$1N899", "", "C", 100, 100, 60, 60, 0],
		[9, "SW3_1", 3169.996, 1145.001, "T", "DIP", "GND", "GND", "C", 100, 100, 60, 60, 0],
		[10, "SW3_1", 3169.996, 1145.001, "B", "DIP", "GND", "GND", "C", 100, 100, 60, 60, 0],
		[11, "SW3_2", 3419.996, 1245.001, "T", "DIP", "$1N912", "", "C", 100, 100, 60, 60, 0],
		[12, "SW3_2", 3419.996, 1245.001, "B", "DIP", "$1N912", "", "C", 100, 100, 60, 60, 0],
		[13, "SW4_1", 2294.996, 1135.001, "T", "DIP", "GND", "GND", "C", 100, 100, 60, 60, 0],
		[14, "SW4_1", 2294.996, 1135.001, "B", "DIP", "GND", "GND", "C", 100, 100, 60, 60, 0],
		[15, "SW4_2", 2544.996, 1235.001, "T", "DIP", "$1N921", "", "C", 100, 100, 60, 60, 0],
		[16, "SW4_2", 2544.996, 1235.001, "B", "DIP", "$1N921", "", "C", 100, 100, 60, 60, 0],
		[17, "U1_1", 2992.126, 2540, "T", "SMD", "NET_1", "", "R", 95.748, 60, 0, 0, 180],
		[18, "U1_1", 3025, 2540, "T", "DIP", "NET_2", "", "C", 60, 60, 35, 35, 180],
		[19, "U1_1", 3025, 2540, "B", "DIP", "NET_2", "", "C", 60, 60, 35, 35, 180],
		[20, "U1_2", 2992.126, 2440, "T", "SMD", "NET_3", "", "R", 95.748, 60, 0, 0, 180],
		[21, "U1_2", 3025, 2440, "T", "DIP", "NET_4", "", "C", 60, 60, 35, 35, 180],
		[22, "U1_2", 3025, 2440, "B", "DIP", "NET_4", "", "C", 60, 60, 35, 35, 180],
		[23, "U1_3", 2992.126, 2340, "T", "SMD", "NET_5", "", "R", 95.748, 60, 0, 0, 180],
		[24, "U1_3", 3025, 2340, "T", "DIP", "NET_6", "", "C", 60, 60, 35, 35, 180],
		[25, "U1_3", 3025, 2340, "B", "DIP", "NET_6", "", "C", 60, 60, 35, 35, 180],
		[26, "U1_4", 2992.126, 2240, "T", "SMD", "NET_7", "", "R", 95.748, 60, 0, 0, 180],
		[27, "U1_4", 3025, 2240, "T", "DIP", "NET_8", "", "C", 60, 60, 35, 35, 180],
		[28, "U1_4", 3025, 2240, "B", "DIP", "NET_8", "", "C", 60, 60, 35, 35, 180],
		[29, "U1_5", 2992.126, 2140, "T", "SMD", "NET_9", "", "R", 95.748, 60, 0, 0, 180],
		[30, "U1_5", 3025, 2140, "T", "DIP", "NET_10", "", "C", 60, 60, 35, 35, 180],
		[31, "U1_5", 3025, 2140, "B", "DIP", "NET_10", "", "C", 60, 60, 35, 35, 180],
		[32, "U1_6", 2992.126, 2040, "T", "SMD", "NET_11", "", "R", 95.748, 60, 0, 0, 180],
		[33, "U1_6", 3025, 2040, "T", "DIP", "NET_12", "", "C", 60, 60, 35, 35, 180],
		[34, "U1_6", 3025, 2040, "B", "DIP", "NET_12", "", "C", 60, 60, 35, 35, 180],
		[35, "U1_7", 2992.126, 1940, "T", "SMD", "NET_13", "", "R", 95.748, 60, 0, 0, 180],
		[36, "U1_7", 3025, 1940, "T", "DIP", "NET_14", "", "C", 60, 60, 35, 35, 180],
		[37, "U1_7", 3025, 1940, "B", "DIP", "NET_14", "", "C", 60, 60, 35, 35, 180],
		[38, "U1_8", 3625, 1940, "T", "DIP", "$1N894", "", "C", 60, 60, 35, 35, 0],
		[39, "U1_8", 3625, 1940, "B", "DIP", "$1N894", "", "C", 60, 60, 35, 35, 0],
		[40, "U1_8", 3657.874, 1940, "T", "SMD", "$1N894", "", "R", 95.748, 60, 0, 0, 0],
		[41, "U1_9", 3625, 2040, "T", "DIP", "$1N899", "", "C", 60, 60, 35, 35, 0],
		[42, "U1_9", 3625, 2040, "B", "DIP", "$1N899", "", "C", 60, 60, 35, 35, 0],
		[43, "U1_9", 3657.874, 2040, "T", "SMD", "$1N899", "", "R", 95.748, 60, 0, 0, 0],
		[44, "U1_10", 3625, 2140, "T", "DIP", "$1N912", "", "C", 60, 60, 35, 35, 0],
		[45, "U1_10", 3625, 2140, "B", "DIP", "$1N912", "", "C", 60, 60, 35, 35, 0],
		[46, "U1_10", 3657.874, 2140, "T", "SMD", "$1N912", "", "R", 95.748, 60, 0, 0, 0],
		[47, "U1_11", 3625, 2240, "T", "DIP", "$1N921", "", "C", 60, 60, 35, 35, 0],
		[48, "U1_11", 3625, 2240, "B", "DIP", "$1N921", "", "C", 60, 60, 35, 35, 0],
		[49, "U1_11", 3657.874, 2240, "T", "SMD", "$1N921", "", "R", 95.748, 60, 0, 0, 0],
		[50, "U1_12", 3625, 2340, "T", "DIP", "NET_15", "", "C", 60, 60, 35, 35, 0],
		[51, "U1_12", 3625, 2340, "B", "DIP", "NET_15", "", "C", 60, 60, 35, 35, 0],
		[52, "U1_12", 3657.874, 2340, "T", "SMD", "NET_16", "", "R", 95.748, 60, 0, 0, 0],
		[53, "U1_13", 3625, 2440, "T", "DIP", "GND", "GND", "C", 60, 60, 35, 35, 0],
		[54, "U1_13", 3625, 2440, "B", "DIP", "GND", "GND", "C", 60, 60, 35, 35, 0],
		[55, "U1_13", 3657.874, 2440, "T", "SMD", "GND", "GND", "R", 95.748, 60, 0, 0, 0],
		[56, "U1_14", 3625, 2540, "T", "DIP", "+5V", "", "C", 60, 60, 35, 35, 0],
		[57, "U1_14", 3625, 2540, "B", "DIP", "+5V", "", "C", 60, 60, 35, 35, 0],
		[58, "U1_14", 3657.874, 2540, "T", "SMD", "+5V", "", "R", 95.748, 60, 0, 0, 0],
		[59, "PAD1_1", 1414.996, 1140.001, "T", "DIP", "GND", "GND", "C", 100, 100, 60, 60, 0],
		[60, "PAD1_1", 1414.996, 1140.001, "B", "DIP", "GND", "GND", "C", 100, 100, 60, 60, 0],
		[61, "PAD2_2", 1664.996, 1240.001, "T", "DIP", "$1N894", "", "C", 100, 100, 60, 60, 0],
		[62, "PAD2_2", 1664.996, 1240.001, "B", "DIP", "$1N894", "", "C", 100, 100, 60, 60, 0],
		[63, "PAD3_1", 2279.996, 1995.001, "T", "DIP", "GND", "GND", "C", 100, 100, 60, 60, 0],
		[64, "PAD3_1", 2279.996, 1995.001, "B", "DIP", "GND", "GND", "C", 100, 100, 60, 60, 0],
		[65, "PAD4_2", 2529.996, 2095.001, "T", "DIP", "$1N899", "", "C", 100, 100, 60, 60, 0],
		[66, "PAD4_2", 2529.996, 2095.001, "B", "DIP", "$1N899", "", "C", 100, 100, 60, 60, 0],
		[67, "PAD5_1", 3169.996, 1145.001, "T", "DIP", "GND", "GND", "C", 100, 100, 60, 60, 0],
		[68, "PAD5_1", 3169.996, 1145.001, "B", "DIP", "GND", "GND", "C", 100, 100, 60, 60, 0],
		[69, "PAD6_2", 3419.996, 1245.001, "T", "DIP", "$1N912", "", "C", 100, 100, 60, 60, 0],
		[70, "PAD6_2", 3419.996, 1245.001, "B", "DIP", "$1N912", "", "C", 100, 100, 60, 60, 0],
		[71, "PAD7_1", 2294.996, 1135.001, "T", "DIP", "GND", "GND", "C", 100, 100, 60, 60, 0],
		[72, "PAD7_1", 2294.996, 1135.001, "B", "DIP", "GND", "GND", "C", 100, 100, 60, 60, 0],
		[73, "PAD8_2", 2544.996, 1235.001, "T", "DIP", "$1N921", "", "C", 100, 100, 60, 60, 0],
		[74, "PAD8_2", 2544.996, 1235.001, "B", "DIP", "$1N921", "", "C", 100, 100, 60, 60, 0],
		[75, "PAD9_8", 3625, 1940, "T", "DIP", "$1N894", "", "C", 60, 60, 35, 35, 0],
		[76, "PAD9_8", 3625, 1940, "B", "DIP", "$1N894", "", "C", 60, 60, 35, 35, 0],
		[77, "PAD10_8", 3657.874, 1940, "T", "SMD", "$1N894", "", "R", 95.748, 60, 0, 0, 0],
		[78, "PAD11_9", 3625, 2040, "T", "DIP", "$1N899", "", "C", 60, 60, 35, 35, 0],
		[79, "PAD11_9", 3625, 2040, "B", "DIP", "$1N899", "", "C", 60, 60, 35, 35, 0],
		[80, "PAD12_9", 3657.874, 2040, "T", "SMD", "$1N899", "", "R", 95.748, 60, 0, 0, 0],
		[81, "PAD13_10", 3625, 2140, "T", "DIP", "$1N912", "", "C", 60, 60, 35, 35, 0],
		[82, "PAD13_10", 3625, 2140, "B", "DIP", "$1N912", "", "C", 60, 60, 35, 35, 0],
		[83, "PAD14_10", 3657.874, 2140, "T", "SMD", "$1N912", "", "R", 95.748, 60, 0, 0, 0],
		[84, "PAD15_11", 3625, 2240, "T", "DIP", "$1N921", "", "C", 60, 60, 35, 35, 0],
		[85, "PAD15_11", 3625, 2240, "B", "DIP", "$1N921", "", "C", 60, 60, 35, 35, 0],
		[86, "PAD16_11", 3657.874, 2240, "T", "SMD", "$1N921", "", "R", 95.748, 60, 0, 0, 0],
		[87, "PAD17_13", 3625, 2440, "T", "DIP", "GND", "GND", "C", 60, 60, 35, 35, 0],
		[88, "PAD17_13", 3625, 2440, "B", "DIP", "GND", "GND", "C", 60, 60, 35, 35, 0],
		[89, "PAD18_13", 3657.874, 2440, "T", "SMD", "GND", "GND", "R", 95.748, 60, 0, 0, 0],
		[90, "PAD19_14", 3625, 2540, "T", "DIP", "+5V", "", "C", 60, 60, 35, 35, 0],
		[91, "PAD19_14", 3625, 2540, "B", "DIP", "+5V", "", "C", 60, 60, 35, 35, 0],
		[92, "PAD20_14", 3657.874, 2540, "T", "SMD", "+5V", "", "R", 95.748, 60, 0, 0, 0]
	]
}
}